Sensor1,Sensor2,Sensor3,Sensor4,,Actual,Predicted
0.804,0.779,2.026,1.936,,Sharp Right,Sharp Right
0.769,0.791,1.36,0.775,,Sharp Right,Sharp Right
1.014,0.61,1.654,0.675,,Move Forward,Sharp Right
0.836,0.462,2.651,1.409,,Sharp Right,Sharp Right
0.829,0.914,2.144,1.477,,Sharp Right,Sharp Right
1.223,0.525,2.766,0.807,,Move Forward,Move Forward
0.651,0.515,3.188,1.29,,Sharp Right,Sharp Right
0.862,2.575,0.93,2.546,,Sharp Right,Slight Left
1.559,1.367,1.651,2.069,,Slight Left,Move Forward
1.316,0.617,1.528,0.864,,Move Forward,Move Forward
1.97,0.571,2.839,0.728,,Move Forward,Move Forward
1.713,0.796,2.608,0.974,,Move Forward,Move Forward
0.983,0.78,2.378,1.602,,Move Forward,Sharp Right
0.774,0.76,1.517,0.766,,Sharp Right,Sharp Right
1.392,0.691,1.419,0.825,,Move Forward,Move Forward
0.767,0.476,1.776,1.106,,Sharp Right,Sharp Right
1.265,0.782,1.3,0.845,,Move Forward,Move Forward
0.813,0.804,1.31,3.625,,Sharp Right,Sharp Right
0.759,0.569,3.139,1.275,,Sharp Right,Sharp Right
1.176,0.702,1.83,0.941,,Move Forward,Move Forward
0.805,0.566,1.366,5,,Sharp Right,Sharp Right
0.84,0.451,1.485,0.484,,Sharp Right,Sharp Right
1.078,0.568,3.123,1.12,,Move Forward,Sharp Right
1.379,0.69,1.432,0.834,,Move Forward,Move Forward
0.776,0.366,2.645,0.862,,Sharp Right,Sharp Right
1.972,0.566,1.884,1.733,,Move Forward,Move Forward
0.835,0.487,3.201,1.374,,Sharp Right,Sharp Right
1.207,0.597,1.531,0.977,,Move Forward,Move Forward
1.075,0.545,2.778,0.808,,Move Forward,Sharp Right
1.865,1.406,1.922,1.819,,Slight Left,Move Forward
0.784,0.379,2.668,0.898,,Sharp Right,Sharp Right
0.891,0.484,2.581,1.36,,Sharp Right,Sharp Right
0.897,0.736,1.858,1.555,,Sharp Right,Sharp Right
3.118,0.722,1.497,0.581,,Move Forward,Move Forward
0.786,0.753,2.14,4.301,,Sharp Right,Sharp Right
1.745,1.38,1.776,1.933,,Slight Left,Move Forward
1.509,0.731,1.581,0.734,,Move Forward,Move Forward
0.576,0.471,1.67,0.5,,Sharp Right,Sharp Right
0.906,0.734,2.174,0.88,,Move Forward,Sharp Right
0.684,0.542,1.022,1.292,,Sharp Right,Sharp Right
1.094,0.578,1.698,0.65,,Move Forward,Sharp Right
2.192,0.502,1.832,1.512,,Move Forward,Move Forward
0.658,0.521,3.199,1.291,,Sharp Right,Sharp Right
1.543,1.443,1.615,2.085,,Slight Left,Slight Left
0.767,0.475,1.78,1.112,,Sharp Right,Sharp Right
1.734,1.412,1.981,1.945,,Slight Left,Move Forward
2.112,0.514,1.883,1.583,,Move Forward,Move Forward
1.7,0.774,1.34,0.504,,Move Forward,Move Forward
0.836,0.482,1.937,1.139,,Sharp Right,Sharp Right
0.78,0.568,2.377,5,,Sharp Right,Sharp Right
1.208,2.191,1.499,2.213,,Slight Left,Slight Left
1.126,0.704,2.274,1.594,,Move Forward,Sharp Right
0.856,0.446,1.414,0.477,,Sharp Right,Sharp Right
1.476,0.672,1.442,0.7,,Move Forward,Move Forward
1.238,0.707,1.869,0.879,,Move Forward,Move Forward
0.813,0.826,1.81,0.849,,Sharp Right,Sharp Right
0.802,0.486,1.802,1.069,,Sharp Right,Sharp Right
1.153,0.762,1.217,0.955,,Move Forward,Sharp Right
2.011,3.134,1.948,1.678,,Slight Left,Slight Left
0.808,0.565,1.686,1.175,,Sharp Right,Sharp Right
1.091,0.64,1.633,0.712,,Move Forward,Sharp Right
0.786,0.841,1.284,2.664,,Sharp Right,Sharp Right
1.713,0.795,2.609,0.971,,Move Forward,Move Forward
0.601,0.767,2.922,1.167,,Sharp Right,Sharp Right
1.664,0.738,1.379,0.521,,Move Forward,Move Forward
0.824,0.44,2.67,1.38,,Sharp Right,Sharp Right
0.817,0.891,1.222,3.677,,Sharp Right,Sharp Right
0.625,0.757,2.931,1.577,,Sharp Right,Sharp Right
0.776,0.793,1.321,2.654,,Sharp Right,Sharp Right
0.835,0.674,3.017,1.57,,Sharp Right,Sharp Right
3.205,0.729,1.487,0.496,,Move Forward,Move Forward
0.904,0.581,1.717,1.207,,Move Forward,Sharp Right
0.741,0.426,1.787,1.504,,Sharp Right,Sharp Right
0.914,0.75,2.666,0.895,,Move Forward,Sharp Right
1.964,0.529,1.891,0.895,,Move Forward,Move Forward
1.007,0.539,1.902,1.479,,Move Forward,Sharp Right
0.583,0.52,3.168,1.356,,Sharp Right,Sharp Right
1.177,0.661,3.034,1.033,,Move Forward,Move Forward
2.36,0.523,1.774,1.337,,Move Forward,Move Forward
0.802,0.617,0.872,1.307,,Sharp Right,Sharp Right
1.216,0.675,3.016,0.996,,Move Forward,Move Forward
1.125,0.561,1.707,0.623,,Move Forward,Sharp Right
0.824,0.956,1.173,2.633,,Sharp Right,Sharp Right
0.768,0.828,1.324,3.645,,Sharp Right,Sharp Right
0.9,0.491,3.197,1.297,,Sharp Right,Sharp Right
1.336,0.684,1.431,0.92,,Move Forward,Move Forward
0.846,0.433,1.496,1.416,,Sharp Right,Sharp Right
1.25,0.552,1.78,0.996,,Move Forward,Move Forward
1.248,0.708,1.309,0.869,,Move Forward,Move Forward
1.349,0.737,1.413,0.766,,Move Forward,Move Forward
3.037,0.684,1.538,0.659,,Move Forward,Move Forward
1.141,0.574,3.125,1.069,,Move Forward,Move Forward
0.782,0.869,2.34,0.905,,Sharp Right,Sharp Right
1.552,0.721,1.401,0.647,,Move Forward,Move Forward
2.641,0.634,1.592,0.776,,Move Forward,Move Forward
0.853,0.651,1.473,0.793,,Sharp Right,Sharp Right
1.046,0.543,3.17,1.163,,Move Forward,Sharp Right
0.826,0.578,1.678,1.291,,Sharp Right,Sharp Right
0.869,0.491,0.937,1.37,,Sharp Right,Sharp Right
0.94,0.746,1.366,0.516,,Move Forward,Sharp Right
1.201,0.725,1.268,0.86,,Move Forward,Sharp Right
0.82,0.823,1.291,2.615,,Sharp Right,Sharp Right
1.121,0.573,1.708,0.612,,Move Forward,Sharp Right
1.484,0.697,1.417,0.711,,Move Forward,Move Forward
1.272,0.595,2.816,0.646,,Move Forward,Move Forward
0.774,0.854,2.792,0.894,,Sharp Right,Sharp Right
1.414,0.513,1.784,0.847,,Move Forward,Move Forward
1.392,0.496,1.798,1.374,,Move Forward,Move Forward
2.736,0.587,1.703,0.973,,Move Forward,Move Forward
2.593,0.558,1.727,1.122,,Move Forward,Move Forward
2.468,0.534,1.758,1.226,,Move Forward,Move Forward
2.956,0.709,1.541,0.735,,Move Forward,Move Forward
1.897,1.386,2.006,1.272,,Slight Left,Move Forward
2.769,0.614,1.667,0.942,,Move Forward,Move Forward
0.805,0.5,1.75,1.432,,Sharp Right,Sharp Right
1.372,0.546,1.739,0.62,,Move Forward,Move Forward
2.595,0.676,2.09,0.917,,Move Forward,Move Forward
1.341,0.67,1.443,0.873,,Move Forward,Move Forward
1.688,1.462,1.951,2.013,,Slight Left,Move Forward
1.593,0.765,1.351,0.625,,Move Forward,Move Forward
1.448,0.768,1.504,0.766,,Move Forward,Move Forward
0.84,0.459,1.47,0.821,,Sharp Right,Sharp Right
0.69,0.498,0.983,1.289,,Sharp Right,Sharp Right
1.014,0.646,1.628,0.713,,Move Forward,Sharp Right
1.98,0.546,1.918,1.703,,Move Forward,Move Forward
1.413,0.631,2.14,1.088,,Move Forward,Move Forward
2.493,0.558,1.722,1.195,,Move Forward,Move Forward
0.863,0.452,2.611,0.509,,Sharp Right,Sharp Right
0.835,0.496,2.62,1.417,,Sharp Right,Sharp Right
1.366,0.508,1.781,0.572,,Move Forward,Move Forward
2.199,0.504,1.948,1.489,,Move Forward,Move Forward
0.896,0.576,1.721,1.214,,Sharp Right,Sharp Right
1.375,0.686,2.21,0.874,,Move Forward,Move Forward
1.586,0.763,2.919,1.722,,Move Forward,Move Forward
0.825,0.569,1.332,0.514,,Sharp Right,Sharp Right
1.257,0.788,1.893,0.839,,Move Forward,Move Forward
1.147,0.854,1.343,2.321,,Move Forward,Sharp Right
1.771,0.571,1.941,1.717,,Move Forward,Move Forward
1.225,0.642,1.286,1.019,,Move Forward,Move Forward
1.33,0.498,2.836,0.701,,Move Forward,Move Forward
0.802,0.767,2.785,1.587,,Sharp Right,Sharp Right
2.66,0.697,2.094,0.945,,Move Forward,Move Forward
1.826,0.778,2.644,0.828,,Move Forward,Move Forward
1.451,0.705,1.85,1.421,,Move Forward,Move Forward
0.802,0.548,2.41,1.176,,Sharp Right,Sharp Right
1.06,0.603,1.93,1.561,,Move Forward,Sharp Right
0.874,0.48,3.207,1.331,,Sharp Right,Sharp Right
0.828,0.546,1.712,1.155,,Sharp Right,Sharp Right
0.882,0.531,2.885,0.572,,Sharp Right,Sharp Right
0.876,2.483,1.24,2.547,,Sharp Right,Slight Left
0.843,0.763,1.383,0.786,,Sharp Right,Sharp Right
0.808,0.499,1.751,1.432,,Sharp Right,Sharp Right
0.921,0.579,1.732,1.188,,Move Forward,Sharp Right
0.895,0.467,2.597,1.41,,Sharp Right,Sharp Right
1.058,0.57,3.133,1.15,,Move Forward,Sharp Right
1.278,0.72,1.34,0.836,,Move Forward,Move Forward
0.78,0.744,1.506,0.844,,Sharp Right,Sharp Right
1.066,0.619,1.131,1.144,,Move Forward,Sharp Right
1.065,0.636,1.64,0.697,,Move Forward,Sharp Right
1.047,0.716,2.971,1.209,,Move Forward,Sharp Right
1.316,0.732,1.378,0.795,,Move Forward,Move Forward
0.772,0.777,1.345,3.616,,Sharp Right,Sharp Right
1.033,1.01,1.155,2.422,,Slight Left,Sharp Right
0.883,0.922,1.242,2.523,,Sharp Right,Sharp Right
0.98,0.895,1.277,2.47,,Move Forward,Sharp Right
1.033,0.784,1.381,2.36,,Move Forward,Sharp Right
0.888,0.5,2.584,1.358,,Sharp Right,Sharp Right
0.926,0.651,2.091,1.643,,Move Forward,Sharp Right
1.36,0.72,1.672,2.026,,Move Forward,Move Forward
0.776,0.755,2.794,0.884,,Sharp Right,Sharp Right
1.101,0.579,1.698,0.621,,Move Forward,Sharp Right
0.775,0.85,2.794,0.887,,Sharp Right,Sharp Right
0.804,0.612,1.626,1.305,,Sharp Right,Sharp Right
1.891,1.437,1.965,1.809,,Slight Left,Move Forward
1.267,0.507,1.766,0.946,,Move Forward,Move Forward
1.449,0.659,1.45,0.726,,Move Forward,Move Forward
1.649,1.412,1.68,2.029,,Slight Left,Move Forward
0.818,1.009,1.196,3.683,,Sharp Right,Sharp Right
1.127,0.587,1.883,0.929,,Move Forward,Sharp Right
1.524,0.742,1.597,0.734,,Move Forward,Move Forward
1.083,0.844,1.34,2.413,,Move Forward,Sharp Right
0.837,0.69,2.998,1.658,,Sharp Right,Sharp Right
0.781,0.752,1.584,0.694,,Sharp Right,Sharp Right
1.271,0.511,2.8,0.756,,Move Forward,Move Forward
0.88,0.506,3.193,1.366,,Sharp Right,Sharp Right
0.76,0.677,1.542,0.701,,Sharp Right,Sharp Right
1.22,0.643,1.281,1.038,,Move Forward,Move Forward
2.626,0.546,1.736,1.061,,Move Forward,Move Forward
0.807,0.579,0.88,1.302,,Sharp Right,Sharp Right
1.332,2.168,1.551,2.159,,Slight Left,Slight Left
0.799,0.78,1.946,0.881,,Sharp Right,Sharp Right
2.982,0.658,1.566,0.714,,Move Forward,Move Forward
0.995,0.766,2.891,1.559,,Move Forward,Sharp Right
1.071,0.848,1.334,2.429,,Move Forward,Sharp Right
0.775,0.355,2.163,0.847,,Sharp Right,Sharp Right
2.041,0.602,1.893,1.643,,Move Forward,Move Forward
0.811,0.836,2.639,0.886,,Sharp Right,Sharp Right
2.04,1.401,1.996,1.642,,Slight Left,Move Forward
0.569,0.769,2.889,1.578,,Sharp Right,Sharp Right
2.581,0.613,1.619,0.852,,Move Forward,Move Forward
0.765,0.48,1.885,1.084,,Sharp Right,Sharp Right
1.261,2.233,1.458,2.264,,Slight Left,Slight Left
0.799,0.664,2.478,1.239,,Sharp Right,Sharp Right
0.896,0.553,1.749,1.088,,Sharp Right,Sharp Right
1.314,0.544,1.746,0.614,,Move Forward,Move Forward
1.465,0.726,1.547,0.788,,Move Forward,Move Forward
0.914,0.717,1.395,0.768,,Move Forward,Sharp Right
1.156,0.562,2.146,0.752,,Move Forward,Move Forward
0.88,0.526,2.891,0.591,,Sharp Right,Sharp Right
0.858,0.508,2.561,1.355,,Sharp Right,Sharp Right
1.133,0.699,1.199,1.576,,Move Forward,Sharp Right
0.932,0.908,1.256,2.501,,Slight Left,Sharp Right
0.866,0.489,1.788,1.337,,Sharp Right,Sharp Right
1.417,0.725,1.618,2.084,,Move Forward,Move Forward
0.656,0.534,0.966,1.336,,Sharp Right,Sharp Right
1.197,0.839,1.372,2.395,,Move Forward,Sharp Right
0.934,0.792,1.411,0.717,,Move Forward,Sharp Right
1.727,1.381,1.798,1.968,,Slight Left,Move Forward
1.242,0.594,1.578,0.946,,Move Forward,Move Forward
1.455,0.664,1.451,0.72,,Move Forward,Move Forward
1.535,0.746,1.605,0.722,,Move Forward,Move Forward
0.994,0.657,1.611,1.575,,Move Forward,Sharp Right
1.159,1.179,1.26,2.306,,Slight Left,Sharp Right
0.833,4.428,1.124,2.571,,Sharp Right,Slight Left
0.759,0.506,1.703,1.217,,Sharp Right,Sharp Right
0.861,0.919,1.997,1.408,,Sharp Right,Sharp Right
0.79,0.791,2.778,0.922,,Sharp Right,Sharp Right
1.048,0.543,1.642,1.16,,Move Forward,Sharp Right
1.411,0.671,1.473,0.801,,Move Forward,Move Forward
0.852,0.512,3.17,1.352,,Sharp Right,Sharp Right
2.455,0.545,1.737,1.233,,Move Forward,Move Forward
1.074,0.539,1.644,1.116,,Move Forward,Sharp Right
0.995,0.768,2.417,1.578,,Move Forward,Sharp Right
0.814,0.495,1.968,1.19,,Sharp Right,Sharp Right
0.888,0.457,1.416,0.782,,Sharp Right,Sharp Right
1.23,0.709,1.861,0.895,,Move Forward,Move Forward
0.82,0.976,1.135,2.587,,Sharp Right,Sharp Right
0.78,0.811,1.298,3.643,,Sharp Right,Sharp Right
0.776,0.718,1.536,0.739,,Sharp Right,Sharp Right
0.858,0.468,1.405,0.419,,Sharp Right,Sharp Right
3.104,0.715,1.505,0.595,,Move Forward,Move Forward
1.023,0.733,2.955,1.767,,Move Forward,Sharp Right
0.811,0.528,1.704,1.298,,Sharp Right,Sharp Right
0.846,0.612,1.51,0.933,,Sharp Right,Sharp Right
0.814,0.48,1.7,0.473,,Sharp Right,Sharp Right
1.318,0.677,2.254,0.939,,Move Forward,Move Forward
0.892,0.792,1.821,0.845,,Sharp Right,Sharp Right
3.172,0.716,1.501,0.529,,Move Forward,Move Forward
0.577,0.511,1.856,1.038,,Sharp Right,Sharp Right
0.909,0.74,2.664,0.879,,Move Forward,Sharp Right
1.262,0.599,1.576,0.929,,Move Forward,Move Forward
0.822,0.842,1.275,2.605,,Sharp Right,Sharp Right
0.547,0.797,2.86,1.398,,Sharp Right,Sharp Right
0.865,0.49,2.425,1.345,,Sharp Right,Sharp Right
0.765,0.681,1.369,0.545,,Sharp Right,Sharp Right
0.808,0.478,1.428,0.38,,Sharp Right,Sharp Right
0.689,0.554,3.141,1.311,,Sharp Right,Sharp Right
1.4,0.828,1.894,0.846,,Move Forward,Move Forward
1.464,0.693,3.315,0.748,,Move Forward,Move Forward
1.44,0.505,1.794,1.342,,Move Forward,Move Forward
1.612,1.485,1.649,2.088,,Slight Left,Slight Left
0.855,0.483,1.43,1.405,,Sharp Right,Sharp Right
1.527,0.685,1.435,0.654,,Move Forward,Move Forward
0.814,0.887,1.226,2.649,,Sharp Right,Sharp Right
1.209,0.585,1.588,0.981,,Move Forward,Move Forward
2.111,0.576,2.835,0.783,,Move Forward,Move Forward
3.037,0.738,1.509,0.654,,Move Forward,Move Forward
1.279,0.509,1.652,1.07,,Move Forward,Move Forward
1.064,0.562,3.129,1.137,,Move Forward,Sharp Right
0.871,0.671,3.031,1.803,,Sharp Right,Sharp Right
0.865,0.499,2.589,1.373,,Sharp Right,Sharp Right
0.854,0.651,1.467,0.79,,Sharp Right,Sharp Right
2.585,0.667,2.149,0.936,,Move Forward,Move Forward
1.035,0.644,2.149,0.736,,Move Forward,Sharp Right
0.843,0.785,1.322,2.582,,Sharp Right,Sharp Right
1.786,1.418,1.97,1.892,,Slight Left,Move Forward
0.932,0.514,1.91,1.551,,Move Forward,Sharp Right
1.074,0.576,2.367,1.135,,Move Forward,Sharp Right
0.806,0.516,1.423,0.498,,Sharp Right,Sharp Right
1.399,0.694,1.425,0.814,,Move Forward,Move Forward
1.421,0.497,1.428,0.828,,Move Forward,Move Forward
0.835,0.495,2.62,1.417,,Sharp Right,Sharp Right
0.896,0.73,1.584,0.712,,Sharp Right,Sharp Right
0.895,0.578,1.717,1.215,,Sharp Right,Sharp Right
0.788,0.758,1.502,0.841,,Sharp Right,Sharp Right
0.853,0.527,3.178,1.357,,Sharp Right,Sharp Right
3.163,0.589,1.474,0.54,,Move Forward,Move Forward
1.433,0.833,1.493,2.097,,Move Forward,Move Forward
1.337,0.738,1.403,0.775,,Move Forward,Move Forward
0.833,0.445,1.448,0.478,,Sharp Right,Sharp Right
0.899,0.74,2.669,0.905,,Sharp Right,Sharp Right
1.128,0.605,3.073,1.116,,Move Forward,Move Forward
1.203,0.575,1.587,0.973,,Move Forward,Move Forward
1.37,0.723,1.598,2.105,,Move Forward,Move Forward
2.88,0.704,1.568,0.824,,Move Forward,Move Forward
0.838,0.451,2.642,1.411,,Sharp Right,Sharp Right
0.787,0.485,1.872,1.066,,Sharp Right,Sharp Right
0.758,0.594,1.482,0.549,,Sharp Right,Sharp Right
2.672,0.701,2.715,0.941,,Move Forward,Move Forward
0.846,0.665,1.549,0.729,,Sharp Right,Sharp Right
2.652,0.687,2.715,0.941,,Move Forward,Move Forward
0.968,0.777,2.39,1.624,,Move Forward,Sharp Right
0.792,0.766,2.787,1.277,,Sharp Right,Sharp Right
1.233,0.552,1.79,1.003,,Move Forward,Move Forward
0.785,1.152,1.564,0.719,,Sharp Right,Sharp Right
1.349,0.741,1.413,0.765,,Move Forward,Move Forward
0.816,0.903,1.222,2.637,,Sharp Right,Sharp Right
1.438,0.707,1.409,0.776,,Move Forward,Move Forward
1.455,0.571,2.083,1.023,,Move Forward,Move Forward
1.467,0.775,1.531,0.747,,Move Forward,Move Forward
1.286,0.601,2.117,0.638,,Move Forward,Move Forward
1.018,0.604,1.631,1.757,,Move Forward,Sharp Right
1.04,0.774,2.913,1.554,,Move Forward,Sharp Right
1.445,0.695,2.282,1.128,,Move Forward,Move Forward
1.364,0.617,2.045,1.115,,Move Forward,Move Forward
1.53,0.743,1.577,0.712,,Move Forward,Move Forward
1.466,0.774,1.569,0.748,,Move Forward,Move Forward
3.061,0.707,1.55,0.651,,Move Forward,Move Forward
0.767,0.878,1.327,4.846,,Sharp Right,Sharp Right
0.947,0.655,2.085,1.631,,Move Forward,Sharp Right
5,0.566,1.392,0.462,,Move Forward,Move Forward
0.785,0.762,1.495,1.492,,Sharp Right,Sharp Right
1.096,1.186,1.193,2.557,,Slight Left,Sharp Right
1.897,0.501,1.893,0.928,,Move Forward,Move Forward
1.518,0.733,1.592,0.732,,Move Forward,Move Forward
1.246,0.547,1.834,0.999,,Move Forward,Move Forward
2.356,0.615,2.161,0.61,,Move Forward,Move Forward
0.779,0.555,2.4,1.417,,Sharp Right,Sharp Right
1.952,0.579,1.953,1.743,,Move Forward,Move Forward
0.882,0.8,1.274,0.881,,Sharp Right,Sharp Right
1.164,0.611,1.237,1.084,,Move Forward,Sharp Right
0.512,0.447,2.642,1.384,,Sharp Right,Sharp Right
1.858,1.429,1.956,1.82,,Slight Left,Move Forward
1.154,0.561,1.613,1.025,,Move Forward,Sharp Right
0.924,0.775,2.398,1.669,,Move Forward,Sharp Right
0.889,0.498,3.205,1.357,,Sharp Right,Sharp Right
1.801,1.398,1.879,1.894,,Slight Left,Move Forward
0.77,0.647,2.324,0.738,,Sharp Right,Sharp Right
1.138,0.6,1.584,1.07,,Move Forward,Sharp Right
5,0.569,1.39,0.46,,Move Forward,Move Forward
1.144,1.772,1.375,3.348,,Slight Left,Slight Left
1.104,0.664,1.79,1.012,,Move Forward,Sharp Right
1.275,0.625,1.542,0.913,,Move Forward,Move Forward
1.075,0.573,2.656,0.956,,Move Forward,Sharp Right
0.886,0.735,2.856,0.858,,Sharp Right,Sharp Right
1.244,0.568,1.718,0.638,,Move Forward,Move Forward
0.867,0.486,3.205,1.343,,Sharp Right,Sharp Right
0.855,0.489,1.796,1.129,,Sharp Right,Sharp Right
0.801,0.742,1.507,0.804,,Sharp Right,Sharp Right
1.422,0.703,2.97,1.156,,Move Forward,Move Forward
1.281,0.651,1.344,0.968,,Move Forward,Move Forward
0.773,0.797,1.313,2.653,,Sharp Right,Sharp Right
1.406,0.731,1.585,2.111,,Move Forward,Move Forward
0.931,1.001,1.118,2.472,,Slight Left,Sharp Right
0.803,0.792,1.36,0.785,,Sharp Right,Sharp Right
0.899,0.581,1.717,1.212,,Sharp Right,Sharp Right
1.225,0.625,1.556,0.984,,Move Forward,Move Forward
1.479,0.536,2.072,1.01,,Move Forward,Move Forward
2.569,0.663,2.126,0.952,,Move Forward,Move Forward
0.826,0.897,2.016,5,,Sharp Right,Sharp Right
1.724,1.466,1.942,1.978,,Slight Left,Move Forward
1.461,0.78,2.925,0.75,,Move Forward,Move Forward
2.526,0.58,1.707,1.173,,Move Forward,Move Forward
1.365,0.733,1.425,0.752,,Move Forward,Move Forward
0.823,0.844,1.28,2.604,,Sharp Right,Sharp Right
0.508,0.448,3.246,1.385,,Sharp Right,Sharp Right
0.584,0.486,2.581,1.36,,Sharp Right,Sharp Right
0.839,0.481,0.904,1.412,,Sharp Right,Sharp Right
0.785,0.589,0.861,1.331,,Sharp Right,Sharp Right
0.766,0.78,1.342,0.795,,Sharp Right,Sharp Right
2.258,0.634,1.68,0.698,,Move Forward,Move Forward
2.67,0.7,2.707,0.937,,Move Forward,Move Forward
0.756,0.606,1.469,0.549,,Sharp Right,Sharp Right
0.928,0.674,0.966,1.177,,Move Forward,Sharp Right
0.813,0.523,2.894,0.554,,Sharp Right,Sharp Right
0.788,0.66,2.747,0.805,,Sharp Right,Sharp Right
0.865,0.77,2.82,1.57,,Sharp Right,Sharp Right
1.411,0.853,1.474,2.249,,Move Forward,Move Forward
0.784,0.868,2.784,0.949,,Sharp Right,Sharp Right
2.07,0.566,2.772,0.813,,Move Forward,Move Forward
0.756,0.459,1.764,1.07,,Sharp Right,Sharp Right
0.878,0.694,1.256,0.513,,Sharp Right,Sharp Right
1.377,0.498,1.843,1.056,,Move Forward,Move Forward
1.677,0.835,1.286,0.567,,Move Forward,Move Forward
0.947,0.681,1.01,1.16,,Move Forward,Sharp Right
0.802,0.52,3.165,1.192,,Sharp Right,Sharp Right
1.945,1.426,1.97,1.739,,Slight Left,Move Forward
0.817,0.482,2.681,1.027,,Sharp Right,Sharp Right
1.791,0.567,1.927,1.633,,Move Forward,Move Forward
0.766,0.51,1.75,1.214,,Sharp Right,Sharp Right
0.882,0.452,1.438,0.49,,Sharp Right,Sharp Right
1.463,0.672,1.448,0.714,,Move Forward,Move Forward
0.831,0.469,3.246,1.412,,Sharp Right,Sharp Right
1.411,0.704,2.977,0.845,,Move Forward,Move Forward
0.769,0.791,2.755,4.312,,Sharp Right,Sharp Right
0.865,0.487,2.581,1.374,,Sharp Right,Sharp Right
0.878,0.7,1.272,0.512,,Sharp Right,Sharp Right
0.819,0.772,1.629,0.694,,Sharp Right,Sharp Right
0.786,0.722,1.543,0.744,,Sharp Right,Sharp Right
0.879,0.637,3.047,1.785,,Sharp Right,Sharp Right
1.599,1.38,1.77,1.959,,Slight Left,Move Forward
1.332,0.753,1.533,2.177,,Move Forward,Move Forward
0.975,0.664,2.005,1.602,,Move Forward,Sharp Right
0.667,0.747,2.927,1.81,,Sharp Right,Sharp Right
0.867,0.495,3.189,1.371,,Sharp Right,Sharp Right
0.794,0.528,1.432,0.509,,Sharp Right,Sharp Right
0.897,0.557,1.741,5,,Sharp Right,Sharp Right
0.983,0.78,2.381,1.701,,Move Forward,Sharp Right
0.901,0.533,0.966,1.352,,Move Forward,Sharp Right
0.78,0.68,1.437,0.737,,Sharp Right,Sharp Right
1.36,0.509,1.625,0.567,,Move Forward,Move Forward
1.788,0.605,1.935,1.704,,Move Forward,Move Forward
0.92,0.586,1.726,1.191,,Move Forward,Sharp Right
0.91,0.668,3.023,1.666,,Move Forward,Sharp Right
1.235,2.165,1.523,2.193,,Slight Left,Slight Left
0.808,0.571,1.671,1.182,,Sharp Right,Sharp Right
0.806,0.697,1.425,0.701,,Sharp Right,Sharp Right
1.05,0.741,2.308,1.749,,Move Forward,Sharp Right
0.962,0.669,1.566,0.725,,Move Forward,Sharp Right
1.124,0.681,3.021,1.613,,Move Forward,Sharp Right
2.661,0.558,1.72,1.026,,Move Forward,Move Forward
0.783,0.595,1.63,1.325,,Sharp Right,Sharp Right
0.851,0.65,1.467,0.794,,Sharp Right,Sharp Right
1.696,0.774,1.34,0.506,,Move Forward,Move Forward
0.9,0.692,1.573,1.375,,Sharp Right,Sharp Right
0.85,0.535,3.169,1.359,,Sharp Right,Sharp Right
0.769,0.871,1.335,0.796,,Sharp Right,Sharp Right
1.315,1.304,1.424,2.272,,Slight Left,Slight Left
0.785,0.804,1.347,0.647,,Sharp Right,Sharp Right
1.114,0.56,2.685,0.917,,Move Forward,Move Forward
1.463,0.783,2.927,0.751,,Move Forward,Move Forward
0.889,0.794,1.893,0.7,,Sharp Right,Sharp Right
1.285,0.656,2.924,0.961,,Move Forward,Move Forward
0.837,0.805,1.328,0.509,,Sharp Right,Sharp Right
0.786,0.661,2.748,0.689,,Sharp Right,Sharp Right
0.807,0.814,1.289,0.854,,Sharp Right,Sharp Right
0.93,0.785,2.852,1.471,,Move Forward,Sharp Right
0.779,0.813,1.313,3.645,,Sharp Right,Sharp Right
0.88,0.655,1.469,0.747,,Sharp Right,Sharp Right
1.374,0.629,1.49,0.801,,Move Forward,Move Forward
0.569,0.736,2.933,2.119,,Sharp Right,Sharp Right
1.358,0.508,1.631,0.865,,Move Forward,Move Forward
0.921,0.586,1.724,1.19,,Move Forward,Sharp Right
1.36,0.622,1.509,0.812,,Move Forward,Move Forward
0.89,0.494,3.188,1.356,,Sharp Right,Sharp Right
1.653,1.419,1.712,2.026,,Slight Left,Move Forward
1.36,0.769,1.529,2.15,,Move Forward,Move Forward
1.355,0.648,3.07,0.857,,Move Forward,Move Forward
1.047,0.883,1.303,3.454,,Move Forward,Sharp Right
0.948,0.802,1.319,0.625,,Move Forward,Sharp Right
1.225,0.79,1.273,0.883,,Move Forward,Move Forward
1.671,1.459,1.748,2.03,,Slight Left,Move Forward
0.784,0.602,1.627,1.329,,Sharp Right,Sharp Right
2.696,0.585,1.673,1.001,,Move Forward,Move Forward
2.647,0.558,1.735,1.061,,Move Forward,Move Forward
1.192,0.579,1.703,0.64,,Move Forward,Move Forward
1.038,0.701,2.98,0.788,,Move Forward,Sharp Right
0.827,0.549,1.706,1.156,,Sharp Right,Sharp Right
0.857,0.492,2.568,1.36,,Sharp Right,Sharp Right
1.43,0.7,2.973,1.142,,Move Forward,Move Forward
1.595,0.76,2.923,1.724,,Move Forward,Move Forward
0.828,0.568,0.898,1.286,,Sharp Right,Sharp Right
1.525,0.739,1.379,0.689,,Move Forward,Move Forward
2.315,0.642,1.617,1.239,,Move Forward,Move Forward
0.97,0.501,3.176,1.218,,Move Forward,Sharp Right
2.648,0.689,2.725,0.957,,Move Forward,Move Forward
1.836,1.488,1.916,1.865,,Slight Left,Move Forward
1.439,0.698,2.975,1.156,,Move Forward,Move Forward
1.457,0.714,1.538,0.785,,Move Forward,Move Forward
1.815,1.403,1.995,1.87,,Slight Left,Move Forward
0.835,0.704,1.414,0.683,,Sharp Right,Sharp Right
3.017,0.731,1.517,0.675,,Move Forward,Move Forward
1.031,0.648,2.271,1.909,,Move Forward,Sharp Right
0.765,0.477,1.777,1.085,,Sharp Right,Sharp Right
1.552,0.731,1.859,1.089,,Move Forward,Move Forward
2.508,0.547,1.744,1.188,,Move Forward,Move Forward
0.575,0.51,2.664,0.97,,Sharp Right,Sharp Right
0.896,0.548,2.611,1.088,,Sharp Right,Sharp Right
0.791,0.757,1.502,0.841,,Sharp Right,Sharp Right
0.993,0.782,2.89,5,,Move Forward,Sharp Right
0.792,0.758,1.905,0.767,,Sharp Right,Sharp Right
0.792,0.684,1.528,0.749,,Sharp Right,Sharp Right
1.468,0.686,1.424,0.731,,Move Forward,Move Forward
1.911,1.447,1.943,1.769,,Slight Left,Move Forward
0.863,0.722,1.391,0.758,,Sharp Right,Sharp Right
1.078,2.278,1.401,3.355,,Slight Left,Slight Left
0.905,0.522,3.186,1.353,,Move Forward,Sharp Right
1.197,0.584,1.581,0.983,,Move Forward,Move Forward
0.985,0.639,1.919,1.587,,Move Forward,Sharp Right
0.78,0.784,1.325,3.623,,Sharp Right,Sharp Right
1.008,0.758,1.37,2.39,,Move Forward,Sharp Right
0.777,0.371,2.644,0.862,,Sharp Right,Sharp Right
1.121,1.184,1.216,2.342,,Slight Left,Sharp Right
0.806,0.505,1.755,1.43,,Sharp Right,Sharp Right
0.775,0.744,2.145,4.313,,Sharp Right,Sharp Right
2.105,0.555,2.816,0.783,,Move Forward,Move Forward
0.758,0.779,1.566,0.662,,Sharp Right,Sharp Right
0.826,0.795,1.539,0.743,,Sharp Right,Sharp Right
0.837,0.443,2.646,1.416,,Sharp Right,Sharp Right
0.831,0.912,2.01,1.414,,Sharp Right,Sharp Right
0.796,0.827,1.468,0.78,,Sharp Right,Sharp Right
1.01,0.74,2.934,1.792,,Move Forward,Sharp Right
0.805,0.498,1.975,1.435,,Sharp Right,Sharp Right
0.889,0.459,1.415,0.783,,Sharp Right,Sharp Right
2.842,0.675,1.586,0.848,,Move Forward,Move Forward
0.74,0.425,3.083,1.037,,Sharp Right,Sharp Right
0.698,0.548,1.013,1.303,,Sharp Right,Sharp Right
0.798,0.731,1.525,2.494,,Sharp Right,Sharp Right
0.792,0.766,2.786,1.278,,Sharp Right,Sharp Right
0.803,0.503,2.455,5,,Sharp Right,Sharp Right
0.944,1.003,1.121,2.463,,Slight Left,Sharp Right
1.392,0.664,3.363,0.819,,Move Forward,Move Forward
0.853,0.503,2.606,1.407,,Sharp Right,Sharp Right
1.423,0.72,1.628,2.074,,Move Forward,Move Forward
1.416,0.693,1.658,2.068,,Move Forward,Move Forward
1.214,0.567,1.815,1.485,,Move Forward,Move Forward
1.581,1.387,1.815,2.064,,Slight Left,Move Forward
1.256,0.515,2.789,0.771,,Move Forward,Move Forward
0.816,0.548,1.322,0.524,,Sharp Right,Sharp Right
1.089,0.582,1.61,1.119,,Move Forward,Sharp Right
0.808,0.616,1.612,0.803,,Sharp Right,Sharp Right
0.786,0.805,1.34,0.659,,Sharp Right,Sharp Right
1.078,0.58,1.139,1.172,,Move Forward,Sharp Right
0.886,0.525,0.953,1.353,,Sharp Right,Sharp Right
0.975,0.933,1.231,2.447,,Slight Left,Sharp Right
1.462,0.671,1.448,0.714,,Move Forward,Move Forward
0.778,0.648,1.635,0.812,,Sharp Right,Sharp Right
0.775,0.749,2.795,0.885,,Sharp Right,Sharp Right
1.052,0.653,1.618,0.726,,Move Forward,Sharp Right
1.417,0.798,1.567,2.141,,Move Forward,Move Forward
2.983,0.68,1.582,0.728,,Move Forward,Move Forward
0.768,0.768,1.35,3.618,,Sharp Right,Sharp Right
0.808,0.563,1.688,1.177,,Sharp Right,Sharp Right
0.768,0.739,1.527,0.774,,Sharp Right,Sharp Right
1.916,0.537,1.909,0.934,,Move Forward,Move Forward
1.007,0.797,1.337,2.437,,Move Forward,Sharp Right
0.817,0.833,2.588,1.039,,Sharp Right,Sharp Right
0.898,0.734,2.153,0.899,,Sharp Right,Sharp Right
0.844,0.488,3.199,1.362,,Sharp Right,Sharp Right
0.853,0.445,1.412,0.462,,Sharp Right,Sharp Right
1.22,0.566,1.625,1.007,,Move Forward,Move Forward
0.762,0.482,1.697,0.473,,Sharp Right,Sharp Right
0.792,0.769,2.479,1.272,,Sharp Right,Sharp Right
1.698,0.775,1.34,0.503,,Move Forward,Move Forward
1.454,0.719,1.393,0.763,,Move Forward,Move Forward
0.898,0.58,1.717,1.213,,Sharp Right,Sharp Right
1.838,1.381,1.95,1.841,,Slight Left,Move Forward
1.453,0.719,1.393,0.764,,Move Forward,Move Forward
1.388,0.632,2.025,1.103,,Move Forward,Move Forward
0.926,0.74,1.372,0.532,,Move Forward,Sharp Right
0.826,0.576,1.68,1.29,,Sharp Right,Sharp Right
1.245,0.507,1.78,0.598,,Move Forward,Move Forward
2.471,0.589,1.652,0.946,,Move Forward,Move Forward
1.353,0.526,1.579,0.903,,Move Forward,Move Forward
1.709,0.76,1.351,0.477,,Move Forward,Move Forward
0.711,0.54,3.166,1.255,,Sharp Right,Sharp Right
0.82,0.472,2.05,1.024,,Sharp Right,Sharp Right
3.09,0.769,1.483,0.616,,Move Forward,Move Forward
0.878,0.718,1.393,0.583,,Sharp Right,Sharp Right
0.791,0.766,2.789,1.599,,Sharp Right,Sharp Right
0.815,0.484,2.032,1.361,,Sharp Right,Sharp Right
0.862,3.642,1.239,2.52,,Sharp Right,Slight Left
0.612,0.764,2.925,1.599,,Sharp Right,Sharp Right
1.116,0.683,2.233,1.633,,Move Forward,Sharp Right
0.772,0.488,3.201,1.302,,Sharp Right,Sharp Right
1.11,0.725,1.758,1.01,,Move Forward,Sharp Right
1.429,0.71,2.878,0.827,,Move Forward,Move Forward
2.448,0.528,1.766,1.245,,Move Forward,Move Forward
0.787,0.768,2.142,0.9,,Sharp Right,Sharp Right
0.777,0.856,2.792,0.92,,Sharp Right,Sharp Right
0.786,0.765,2.662,0.876,,Sharp Right,Sharp Right
0.908,0.746,2.662,0.894,,Move Forward,Sharp Right
0.757,0.48,2.304,0.476,,Sharp Right,Sharp Right
0.776,0.482,2.585,1.077,,Sharp Right,Sharp Right
3.284,0.858,1.398,0.419,,Move Forward,Move Forward
0.784,0.767,1.828,0.791,,Sharp Right,Sharp Right
1.106,0.9,1.917,5,,Move Forward,Sharp Right
0.83,0.435,2.637,1.383,,Sharp Right,Sharp Right
1.292,0.516,1.769,0.932,,Move Forward,Move Forward
1.705,0.795,2.61,0.979,,Move Forward,Move Forward
2.573,0.553,1.732,1.142,,Move Forward,Move Forward
1.104,2.263,1.416,3.327,,Slight Left,Slight Left
0.503,0.447,1.827,1.029,,Sharp Right,Sharp Right
0.826,0.431,2.639,1.383,,Sharp Right,Sharp Right
0.978,0.779,2.388,1.704,,Move Forward,Sharp Right
1.221,0.789,1.277,0.884,,Move Forward,Move Forward
0.828,0.419,2.648,1.389,,Sharp Right,Sharp Right
0.792,0.486,2.919,0.542,,Sharp Right,Sharp Right
1.211,0.7,1.663,0.912,,Move Forward,Move Forward
0.819,0.933,1.173,3.691,,Sharp Right,Sharp Right
0.828,0.374,2.643,0.866,,Sharp Right,Sharp Right
0.815,0.808,1.305,3.623,,Sharp Right,Sharp Right
1.593,0.77,1.349,0.626,,Move Forward,Move Forward
0.791,0.765,2.787,1.278,,Sharp Right,Sharp Right
0.839,0.451,2.644,0.508,,Sharp Right,Sharp Right
1.241,0.77,1.31,0.879,,Move Forward,Move Forward
0.776,0.747,2.145,0.911,,Sharp Right,Sharp Right
1.156,0.607,1.573,1.052,,Move Forward,Sharp Right
2.564,0.678,2.146,1.03,,Move Forward,Move Forward
1.021,0.618,1.934,1.553,,Move Forward,Sharp Right
0.738,0.426,1.798,1.038,,Sharp Right,Sharp Right
0.805,0.479,1.437,0.379,,Sharp Right,Sharp Right
3.288,0.79,1.466,0.421,,Move Forward,Move Forward
0.796,0.727,1.534,1.461,,Sharp Right,Sharp Right
1.085,0.626,1.146,1.125,,Move Forward,Sharp Right
1.271,0.513,1.661,0.889,,Move Forward,Move Forward
1.331,0.64,1.477,0.86,,Move Forward,Move Forward
1.206,0.784,1.269,0.899,,Move Forward,Sharp Right
1.133,0.819,1.374,2.385,,Move Forward,Sharp Right
1.418,0.498,2.023,0.572,,Move Forward,Move Forward
1.295,0.539,1.714,0.941,,Move Forward,Move Forward
1.106,0.568,1.699,1.665,,Move Forward,Sharp Right
0.865,0.491,3.208,1.345,,Sharp Right,Sharp Right
0.853,0.477,1.794,1.341,,Sharp Right,Sharp Right
0.836,0.418,1.438,0.402,,Sharp Right,Sharp Right
0.825,0.834,1.354,0.787,,Sharp Right,Sharp Right
0.866,0.496,3.198,1.372,,Sharp Right,Sharp Right
0.586,0.485,2.582,1.374,,Sharp Right,Sharp Right
0.785,0.768,2.783,0.942,,Sharp Right,Sharp Right
0.824,0.493,1.75,1.161,,Sharp Right,Sharp Right
0.822,4.409,0.888,2.533,,Sharp Right,Slight Left
0.815,0.885,1.254,2.607,,Sharp Right,Sharp Right
1.348,0.737,1.412,0.767,,Move Forward,Move Forward
0.766,0.784,1.337,0.81,,Sharp Right,Sharp Right
1.637,0.632,1.362,0.562,,Move Forward,Move Forward
0.794,0.729,1.532,0.79,,Sharp Right,Sharp Right
1.171,0.576,1.597,1.017,,Move Forward,Sharp Right
0.805,0.859,1.334,3.629,,Sharp Right,Sharp Right
0.81,0.78,2.649,0.873,,Sharp Right,Sharp Right
0.82,0.487,3.197,1.168,,Sharp Right,Sharp Right
1.547,1.361,1.778,2.096,,Slight Left,Move Forward
1.995,1.464,1.948,1.705,,Slight Left,Move Forward
0.91,0.774,2.402,1.685,,Move Forward,Sharp Right
0.804,0.732,2.643,0.83,,Sharp Right,Sharp Right
0.783,0.722,1.528,0.755,,Sharp Right,Sharp Right
0.579,0.522,1.888,0.88,,Sharp Right,Sharp Right
1.146,0.571,1.601,1.042,,Move Forward,Sharp Right
0.809,0.517,1.711,1.305,,Sharp Right,Sharp Right
1.305,0.742,1.367,0.806,,Move Forward,Move Forward
2.493,0.534,1.755,1.218,,Move Forward,Move Forward
1.193,0.623,1.555,1.015,,Move Forward,Move Forward
0.828,0.72,1.54,1.44,,Sharp Right,Sharp Right
1.629,1.411,1.667,2.04,,Slight Left,Move Forward
0.771,0.776,1.347,3.615,,Sharp Right,Sharp Right
0.81,0.819,1.463,0.77,,Sharp Right,Sharp Right
2.074,0.57,1.859,1.634,,Move Forward,Move Forward
0.749,0.46,1.762,1.072,,Sharp Right,Sharp Right
0.772,0.743,1.516,0.766,,Sharp Right,Sharp Right
0.892,0.912,2.142,1.392,,Sharp Right,Sharp Right
1.433,0.714,2.959,0.82,,Move Forward,Move Forward
0.723,0.477,2.303,0.472,,Sharp Right,Sharp Right
0.803,0.617,0.877,1.306,,Sharp Right,Sharp Right
2.471,0.496,1.801,1.237,,Move Forward,Move Forward
0.87,0.474,2.589,1.378,,Sharp Right,Sharp Right
2.776,0.605,1.667,0.915,,Move Forward,Move Forward
2.608,0.536,1.744,1.078,,Move Forward,Move Forward
1.306,0.533,1.695,0.928,,Move Forward,Move Forward
1.333,0.772,1.508,2.204,,Move Forward,Move Forward
1.556,0.765,1.615,0.687,,Move Forward,Move Forward
1.304,2.192,1.517,2.186,,Slight Left,Slight Left
0.776,0.746,2.15,0.886,,Sharp Right,Sharp Right
1.396,0.636,1.48,0.78,,Move Forward,Move Forward
0.842,0.455,3.245,1.408,,Sharp Right,Sharp Right
1.227,0.565,1.719,0.626,,Move Forward,Move Forward
1.262,0.549,1.735,1.526,,Move Forward,Move Forward
0.769,0.789,2.756,0.974,,Sharp Right,Sharp Right
0.807,0.827,1.232,0.951,,Sharp Right,Sharp Right
0.952,0.775,2.387,1.642,,Move Forward,Sharp Right
3.302,0.799,1.46,0.408,,Move Forward,Move Forward
0.789,0.609,1.62,0.821,,Sharp Right,Sharp Right
0.937,0.678,1.594,1.34,,Move Forward,Sharp Right
1.118,0.821,1.371,2.358,,Move Forward,Sharp Right
1.504,0.726,1.615,2.086,,Move Forward,Move Forward
2.007,0.536,2.143,0.862,,Move Forward,Move Forward
0.83,0.619,1.738,1.153,,Sharp Right,Sharp Right
1.301,0.658,2.916,0.941,,Move Forward,Move Forward
0.806,0.682,1.433,0.681,,Sharp Right,Sharp Right
0.8,0.78,1.439,0.804,,Sharp Right,Sharp Right
1.282,0.538,1.738,0.958,,Move Forward,Move Forward
1.646,1.421,1.748,1.991,,Slight Left,Move Forward
1.322,0.614,1.545,0.85,,Move Forward,Move Forward
0.823,0.847,1.19,2.6,,Sharp Right,Sharp Right
0.828,0.486,1.952,1.398,,Sharp Right,Sharp Right
1.265,0.65,2.941,0.98,,Move Forward,Move Forward
0.852,0.53,1.418,0.427,,Sharp Right,Sharp Right
0.837,0.645,1.497,1.279,,Sharp Right,Sharp Right
0.806,0.501,1.749,1.203,,Sharp Right,Sharp Right
0.796,0.665,2.491,1.239,,Sharp Right,Sharp Right
1.428,0.707,1.404,0.788,,Move Forward,Move Forward
3.286,0.835,1.41,0.41,,Move Forward,Move Forward
0.816,0.766,2.793,1.584,,Sharp Right,Sharp Right
0.779,0.901,2.751,0.974,,Sharp Right,Sharp Right
0.887,0.524,2.881,0.568,,Sharp Right,Sharp Right
3.256,0.78,1.479,0.451,,Move Forward,Move Forward
1.968,1.452,1.953,1.731,,Slight Left,Move Forward
3.21,0.572,1.487,0.503,,Move Forward,Move Forward
1.544,0.749,1.586,0.706,,Move Forward,Move Forward
2.296,0.648,1.609,1.254,,Move Forward,Move Forward
3.061,0.746,1.501,0.634,,Move Forward,Move Forward
2.625,0.698,2.725,0.984,,Move Forward,Move Forward
1.55,0.497,1.809,1.229,,Move Forward,Move Forward
0.796,0.75,2.646,0.856,,Sharp Right,Sharp Right
0.871,0.71,1.409,0.592,,Sharp Right,Sharp Right
1.098,0.575,3.117,1.104,,Move Forward,Sharp Right
0.785,0.792,1.313,2.637,,Sharp Right,Sharp Right
0.885,0.484,3.205,1.316,,Sharp Right,Sharp Right
0.87,0.47,1.463,1.38,,Sharp Right,Sharp Right
0.817,0.703,1.333,0.544,,Sharp Right,Sharp Right
1.261,0.656,2.963,0.997,,Move Forward,Move Forward
0.983,0.606,2.586,1.052,,Move Forward,Sharp Right
0.82,0.822,1.297,2.616,,Sharp Right,Sharp Right
0.897,0.768,1.35,0.754,,Sharp Right,Sharp Right
0.777,0.792,1.322,2.65,,Sharp Right,Sharp Right
1.056,0.635,1.644,0.703,,Move Forward,Sharp Right
0.81,0.472,1.835,1.017,,Sharp Right,Sharp Right
1.252,0.546,1.772,0.979,,Move Forward,Move Forward
1.101,0.595,3.101,1.588,,Move Forward,Sharp Right
0.817,0.57,1.334,0.519,,Sharp Right,Sharp Right
1.039,0.773,2.914,1.461,,Move Forward,Sharp Right
1.39,0.541,1.746,1.391,,Move Forward,Move Forward
0.791,0.756,1.597,0.722,,Sharp Right,Sharp Right
0.851,0.932,1.231,2.616,,Sharp Right,Sharp Right
1.292,0.726,1.355,0.819,,Move Forward,Move Forward
0.865,0.463,1.44,0.8,,Sharp Right,Sharp Right
0.983,0.78,2.373,1.701,,Move Forward,Sharp Right
0.942,0.765,2.864,1.781,,Move Forward,Sharp Right
0.868,0.493,3.213,1.352,,Sharp Right,Sharp Right
2.708,0.574,1.698,0.979,,Move Forward,Move Forward
0.888,0.736,2.673,0.915,,Sharp Right,Sharp Right
1.748,1.395,1.964,1.938,,Slight Left,Move Forward
0.767,0.739,1.53,0.754,,Sharp Right,Sharp Right
1.097,0.558,1.616,1.101,,Move Forward,Sharp Right
0.804,0.609,1.63,1.304,,Sharp Right,Sharp Right
0.77,0.737,1.52,0.759,,Sharp Right,Sharp Right
2.025,0.578,1.943,1.668,,Move Forward,Move Forward
1.001,0.599,2.599,1.031,,Move Forward,Sharp Right
0.821,0.946,1.158,2.424,,Sharp Right,Sharp Right
1.384,0.734,1.448,0.734,,Move Forward,Move Forward
0.878,0.914,1.988,1.575,,Sharp Right,Sharp Right
1.742,0.742,2.677,0.92,,Move Forward,Move Forward
0.771,0.768,1.928,0.737,,Sharp Right,Sharp Right
0.851,0.759,1.358,0.704,,Sharp Right,Sharp Right
1.407,0.733,1.581,2.112,,Move Forward,Move Forward
1.431,0.821,1.525,2.118,,Move Forward,Move Forward
0.795,0.783,2.025,1.946,,Sharp Right,Sharp Right
1.042,0.58,1.105,1.211,,Move Forward,Sharp Right
1.761,0.902,1.247,0.519,,Slight Left,Move Forward
0.881,1.043,1.119,2.323,,Sharp Right,Sharp Right
0.85,0.643,0.889,1.256,,Sharp Right,Sharp Right
1.879,0.498,1.926,0.942,,Move Forward,Move Forward
0.987,0.516,1.745,1.202,,Move Forward,Sharp Right
0.74,0.484,3.206,1.343,,Sharp Right,Sharp Right
0.85,0.463,1.441,0.417,,Sharp Right,Sharp Right
1.468,0.668,1.445,0.708,,Move Forward,Move Forward
0.894,0.53,2.634,1.083,,Sharp Right,Sharp Right
0.905,0.742,2.16,0.882,,Move Forward,Sharp Right
1.418,0.686,1.676,2.047,,Move Forward,Move Forward
0.501,0.445,1.821,1.034,,Sharp Right,Sharp Right
1.492,0.724,1.571,0.756,,Move Forward,Move Forward
0.801,0.498,1.851,1.063,,Sharp Right,Sharp Right
0.774,0.736,2.148,0.899,,Sharp Right,Sharp Right
2.403,0.675,2.173,0.984,,Move Forward,Move Forward
0.783,0.488,1.794,1.083,,Sharp Right,Sharp Right
0.774,0.743,1.514,0.78,,Sharp Right,Sharp Right
1.24,0.61,3.092,0.971,,Move Forward,Move Forward
0.802,0.777,1.445,0.8,,Sharp Right,Sharp Right
3.287,0.832,1.411,0.409,,Move Forward,Move Forward
1.956,1.447,1.955,1.744,,Slight Left,Move Forward
1.494,0.727,1.391,0.722,,Move Forward,Move Forward
0.822,0.914,1.261,2.601,,Sharp Right,Sharp Right
3,0.667,1.557,0.696,,Move Forward,Move Forward
0.902,0.616,1.355,0.547,,Move Forward,Sharp Right
0.851,0.67,1.444,0.71,,Sharp Right,Sharp Right
0.86,0.504,3.201,1.348,,Sharp Right,Sharp Right
0.818,0.789,1.546,0.725,,Sharp Right,Sharp Right
0.765,0.46,1.766,1.071,,Sharp Right,Sharp Right
0.804,0.49,2.635,0.544,,Sharp Right,Sharp Right
2.107,0.495,1.924,1.593,,Move Forward,Move Forward
0.811,0.992,1.211,3.749,,Sharp Right,Sharp Right
0.816,0.649,3.03,1.844,,Sharp Right,Sharp Right
1.505,0.507,1.794,1.274,,Move Forward,Move Forward
0.782,0.572,1.67,1.21,,Sharp Right,Sharp Right
0.715,0.55,3.143,1.172,,Sharp Right,Sharp Right
1.696,0.572,1.333,0.508,,Move Forward,Move Forward
0.929,0.662,2.088,1.617,,Move Forward,Sharp Right
0.672,0.734,2.952,1.797,,Sharp Right,Sharp Right
0.778,0.608,1.613,1.336,,Sharp Right,Sharp Right
0.99,0.766,2.89,1.565,,Move Forward,Sharp Right
1.145,0.587,1.828,1.517,,Move Forward,Sharp Right
0.784,0.487,1.797,1.156,,Sharp Right,Sharp Right
0.923,0.638,1.584,1.862,,Move Forward,Sharp Right
0.809,0.529,0.877,1.298,,Sharp Right,Sharp Right
1.137,0.868,1.908,0.937,,Move Forward,Sharp Right
1.294,0.531,1.72,0.938,,Move Forward,Move Forward
1.246,0.638,1.305,1.006,,Move Forward,Move Forward
1.275,0.603,1.571,0.912,,Move Forward,Move Forward
0.913,0.505,1.937,1.566,,Move Forward,Sharp Right
1.063,0.733,2.192,1.751,,Move Forward,Sharp Right
0.793,0.842,2.871,0.561,,Sharp Right,Sharp Right
1.46,0.52,1.776,0.609,,Move Forward,Move Forward
2.62,0.678,2.737,0.975,,Move Forward,Move Forward
0.974,0.765,1.359,2.449,,Move Forward,Sharp Right
1.444,0.682,1.431,0.75,,Move Forward,Move Forward
2.089,0.569,2.787,0.798,,Move Forward,Move Forward
0.892,0.472,2.594,1.367,,Sharp Right,Sharp Right
0.821,0.675,3.01,1.671,,Sharp Right,Sharp Right
0.77,0.489,1.76,1.141,,Sharp Right,Sharp Right
0.951,0.739,2.895,1.423,,Move Forward,Sharp Right
1.427,0.509,1.789,1.352,,Move Forward,Move Forward
0.945,0.782,2.861,1.795,,Move Forward,Sharp Right
1.422,0.754,2.063,5,,Move Forward,Sharp Right
0.804,0.589,1.651,1.299,,Sharp Right,Sharp Right
0.805,0.765,2.912,0.726,,Sharp Right,Sharp Right
0.782,0.783,1.325,3.623,,Sharp Right,Sharp Right
2.928,0.632,1.594,0.767,,Move Forward,Move Forward
1.345,0.613,2.8,0.597,,Move Forward,Move Forward
0.915,0.743,2.661,0.876,,Move Forward,Sharp Right
2.727,0.653,1.63,0.962,,Move Forward,Move Forward
1.612,1.39,1.71,2.008,,Slight Left,Move Forward
0.772,0.831,1.306,3.705,,Sharp Right,Sharp Right
0.811,0.727,1.53,0.791,,Sharp Right,Sharp Right
0.786,0.817,1.296,3.65,,Sharp Right,Sharp Right
1.185,0.536,1.746,0.605,,Move Forward,Move Forward
0.828,0.484,1.458,0.393,,Sharp Right,Sharp Right
0.768,0.411,2.658,0.91,,Sharp Right,Sharp Right
1.187,0.57,1.601,0.99,,Move Forward,Move Forward
1.57,1.444,1.621,2.128,,Slight Left,Slight Left
1.47,0.677,2.224,1.11,,Move Forward,Move Forward
1.452,0.666,1.452,0.724,,Move Forward,Move Forward
0.804,0.61,1.624,1.304,,Sharp Right,Sharp Right
0.842,0.537,1.665,1.176,,Sharp Right,Sharp Right
1.123,0.594,1.896,1.541,,Move Forward,Sharp Right
0.781,0.83,1.301,3.676,,Sharp Right,Sharp Right
1.411,0.731,1.595,2.104,,Move Forward,Move Forward
0.879,0.501,1.725,1.331,,Sharp Right,Sharp Right
0.907,0.575,1.724,1.202,,Move Forward,Sharp Right
1.179,0.57,2.04,1.512,,Move Forward,Sharp Right
0.807,0.564,2.07,0.66,,Sharp Right,Sharp Right
0.867,0.565,1.607,1.008,,Sharp Right,Sharp Right
1.131,0.627,1.647,0.71,,Move Forward,Sharp Right
0.897,0.676,2.091,1.57,,Sharp Right,Sharp Right
1.084,0.648,1.149,1.032,,Move Forward,Sharp Right
1.822,1.424,1.962,1.856,,Slight Left,Move Forward
1.241,0.531,1.753,0.981,,Move Forward,Move Forward
0.747,0.432,1.918,1.051,,Sharp Right,Sharp Right
0.873,0.642,1.053,1.105,,Sharp Right,Sharp Right
1.001,0.906,2.347,1.627,,Slight Left,Sharp Right
1.735,0.774,1.341,0.452,,Move Forward,Move Forward
0.851,0.513,3.169,1.352,,Sharp Right,Sharp Right
1.168,0.553,1.726,1.052,,Move Forward,Sharp Right
1.498,0.647,2.075,0.984,,Move Forward,Move Forward
2.829,0.608,1.665,0.878,,Move Forward,Move Forward
1.927,0.53,1.965,1.771,,Move Forward,Move Forward
0.844,0.453,1.439,0.432,,Sharp Right,Sharp Right
3.281,0.8,1.455,0.433,,Move Forward,Move Forward
1.558,1.419,1.639,2.065,,Slight Left,Move Forward
0.682,0.542,1.001,1.3,,Sharp Right,Sharp Right
0.77,0.799,2.75,4.331,,Sharp Right,Sharp Right
1.03,0.777,2.909,1.557,,Move Forward,Sharp Right
2.544,0.597,1.639,0.908,,Move Forward,Move Forward
1.48,0.644,2.027,0.998,,Move Forward,Move Forward
1.369,0.628,2.785,0.59,,Move Forward,Move Forward
1.052,0.904,1.967,1.279,,Slight Left,Sharp Right
1.354,0.553,1.732,0.64,,Move Forward,Move Forward
0.827,0.671,1.542,0.736,,Sharp Right,Sharp Right
1.537,0.664,2.072,0.955,,Move Forward,Move Forward
1.336,0.619,1.54,0.832,,Move Forward,Move Forward
1.926,1.455,1.938,1.754,,Slight Left,Move Forward
0.855,0.472,1.798,1.338,,Sharp Right,Sharp Right
1.151,0.601,1.682,0.669,,Move Forward,Sharp Right
0.559,0.807,2.375,1.951,,Sharp Right,Sharp Right
0.893,0.477,2.586,1.362,,Sharp Right,Sharp Right
0.827,0.908,0.895,2.601,,Sharp Right,Sharp Right
0.887,0.455,2.604,0.525,,Sharp Right,Sharp Right
1.065,0.549,1.131,1.145,,Move Forward,Sharp Right
0.815,0.978,1.239,3.676,,Sharp Right,Sharp Right
0.83,0.523,1.442,0.438,,Sharp Right,Sharp Right
0.88,0.708,1.25,0.513,,Sharp Right,Sharp Right
0.797,0.591,2.986,0.537,,Sharp Right,Sharp Right
2.511,0.498,1.788,1.175,,Move Forward,Move Forward
2.659,0.65,1.585,0.757,,Move Forward,Move Forward
2.553,0.548,1.738,1.162,,Move Forward,Move Forward
2.085,3.097,1.93,1.615,,Slight Left,Slight Left
0.676,0.512,3.182,1.276,,Sharp Right,Sharp Right
0.603,0.758,2.249,5,,Sharp Right,Sharp Right
3.117,0.768,1.478,0.575,,Move Forward,Move Forward
1.342,2.686,1.546,2.165,,Slight Left,Slight Left
0.663,0.75,2.942,1.699,,Sharp Right,Sharp Right
2.964,0.649,1.575,0.732,,Move Forward,Move Forward
2.973,0.661,1.6,0.731,,Move Forward,Move Forward
0.806,0.823,1.329,3.636,,Sharp Right,Sharp Right
1.264,0.641,1.528,0.947,,Move Forward,Move Forward
0.733,0.539,2.399,1.236,,Sharp Right,Sharp Right
0.83,0.411,1.462,0.429,,Sharp Right,Sharp Right
1.408,0.535,1.753,0.61,,Move Forward,Move Forward
0.795,0.539,2.861,0.579,,Sharp Right,Sharp Right
1.877,1.432,1.952,1.802,,Slight Left,Move Forward
0.776,0.849,2.796,0.885,,Sharp Right,Sharp Right
0.914,0.7,1.559,1.895,,Move Forward,Sharp Right
0.807,0.8,1.326,3.623,,Sharp Right,Sharp Right
1.776,1.431,1.984,1.925,,Slight Left,Move Forward
0.9,0.566,1.737,1.217,,Sharp Right,Sharp Right
0.775,0.567,1.072,1.247,,Sharp Right,Sharp Right
0.837,0.476,0.909,1.412,,Sharp Right,Sharp Right
1.967,0.523,1.924,1.715,,Move Forward,Move Forward
0.784,0.736,1.571,0.708,,Sharp Right,Sharp Right
1.19,0.624,1.227,1.061,,Move Forward,Sharp Right
0.928,0.768,2.859,1.563,,Move Forward,Sharp Right
0.913,0.714,1.398,0.773,,Move Forward,Sharp Right
0.858,0.672,1.445,0.754,,Sharp Right,Sharp Right
1.199,0.528,1.757,0.592,,Move Forward,Move Forward
1.151,0.609,1.188,1.099,,Move Forward,Sharp Right
1.288,0.605,1.557,0.886,,Move Forward,Move Forward
0.843,0.481,1.859,0.995,,Sharp Right,Sharp Right
0.574,0.805,2.367,1.93,,Sharp Right,Sharp Right
2.248,0.593,1.693,1.056,,Move Forward,Move Forward
1.527,0.75,1.595,0.727,,Move Forward,Move Forward
0.796,0.791,1.335,0.803,,Sharp Right,Sharp Right
0.932,0.792,1.604,0.707,,Move Forward,Sharp Right
1.042,0.772,2.915,1.458,,Move Forward,Sharp Right
1.245,0.589,1.69,1.017,,Move Forward,Move Forward
0.602,0.504,2.56,1.355,,Sharp Right,Sharp Right
0.571,0.51,2.599,1.387,,Sharp Right,Sharp Right
1.04,0.536,2.752,0.837,,Move Forward,Sharp Right
1.988,1.395,2.002,1.195,,Slight Left,Move Forward
0.949,0.74,1.515,0.693,,Move Forward,Sharp Right
0.835,0.484,1.938,1.376,,Sharp Right,Sharp Right
3.285,0.855,1.399,0.419,,Move Forward,Move Forward
0.932,0.745,1.373,0.675,,Move Forward,Sharp Right
0.796,0.727,1.537,0.823,,Sharp Right,Sharp Right
0.568,0.504,1.848,1.057,,Sharp Right,Sharp Right
1.174,0.613,1.561,1.034,,Move Forward,Sharp Right
2.94,0.648,1.614,0.764,,Move Forward,Move Forward
1.255,0.511,1.762,0.958,,Move Forward,Move Forward
0.733,0.555,3.136,1.154,,Sharp Right,Sharp Right
0.788,0.37,2.139,0.888,,Sharp Right,Sharp Right
1.629,1.411,1.672,2.036,,Slight Left,Move Forward
1.247,0.588,2.134,0.674,,Move Forward,Move Forward
1.557,0.668,2.043,0.94,,Move Forward,Move Forward
1.598,1.449,1.63,2.101,,Slight Left,Slight Left
1.433,0.634,2.053,1.041,,Move Forward,Move Forward
1.285,1.281,1.393,2.3,,Slight Left,Sharp Right
1.417,0.725,1.621,2.078,,Move Forward,Move Forward
1.404,0.507,1.429,1.289,,Move Forward,Move Forward
1.39,0.744,1.565,2.131,,Move Forward,Move Forward
1.072,0.646,1.626,0.716,,Move Forward,Sharp Right
0.926,0.789,1.389,0.716,,Move Forward,Sharp Right
1.275,0.608,2.027,0.657,,Move Forward,Move Forward
2.665,0.691,2.713,0.931,,Move Forward,Move Forward
0.74,0.483,3.207,1.342,,Sharp Right,Sharp Right
0.952,0.631,3.058,1.746,,Move Forward,Sharp Right
0.858,0.483,2.037,1.045,,Sharp Right,Sharp Right
0.826,0.578,1.675,1.29,,Sharp Right,Sharp Right
2.164,0.579,2.823,0.738,,Move Forward,Move Forward
1.877,0.515,1.885,1.535,,Move Forward,Move Forward
1.47,0.669,1.445,0.706,,Move Forward,Move Forward
1.598,0.735,1.376,0.599,,Move Forward,Move Forward
1.235,0.586,2.822,0.682,,Move Forward,Move Forward
0.802,0.496,1.853,1.064,,Sharp Right,Sharp Right
1.126,1.183,1.225,2.348,,Slight Left,Sharp Right
1.885,0.513,1.924,0.956,,Move Forward,Move Forward
0.834,0.837,1.278,2.605,,Sharp Right,Sharp Right
0.896,0.501,1.913,0.963,,Sharp Right,Sharp Right
0.817,0.775,2.12,5,,Sharp Right,Sharp Right
0.915,0.584,1.722,1.195,,Move Forward,Sharp Right
1.981,1.455,1.95,1.719,,Slight Left,Move Forward
3.244,0.835,1.417,0.46,,Move Forward,Move Forward
0.846,0.757,1.931,1.565,,Sharp Right,Sharp Right
0.852,0.484,1.755,1.36,,Sharp Right,Sharp Right
0.849,0.518,3.166,1.355,,Sharp Right,Sharp Right
1.17,0.594,1.69,0.662,,Move Forward,Move Forward
0.839,0.449,2.644,0.495,,Sharp Right,Sharp Right
1.062,0.607,1.933,0.99,,Move Forward,Sharp Right
0.892,0.48,2.583,1.375,,Sharp Right,Sharp Right
1.37,0.735,1.433,0.74,,Move Forward,Move Forward
0.778,0.743,1.511,1.48,,Sharp Right,Sharp Right
1.135,0.958,1.23,2.482,,Slight Left,Sharp Right
0.842,0.448,2.648,0.504,,Sharp Right,Sharp Right
1.38,0.75,1.554,2.136,,Move Forward,Move Forward
1.066,0.58,1.132,1.181,,Move Forward,Sharp Right
1.897,0.533,1.874,0.949,,Move Forward,Move Forward
0.936,0.738,2.866,0.854,,Move Forward,Sharp Right
0.798,0.781,1.448,0.799,,Sharp Right,Sharp Right
0.85,0.459,1.925,1.086,,Sharp Right,Sharp Right
0.823,0.443,3.256,1.38,,Sharp Right,Sharp Right
0.891,0.533,2.619,1.084,,Sharp Right,Sharp Right
1.685,0.78,1.343,0.521,,Move Forward,Move Forward
0.993,1.041,1.134,2.423,,Slight Left,Sharp Right
1.195,2.202,1.488,2.228,,Slight Left,Slight Left
1.128,2.251,1.432,3.306,,Slight Left,Slight Left
1.251,2.241,1.447,2.307,,Slight Left,Slight Left
0.873,0.731,1.386,0.541,,Sharp Right,Sharp Right
1.163,0.698,1.556,0.953,,Move Forward,Sharp Right
0.753,0.457,2.323,0.442,,Sharp Right,Sharp Right
0.792,0.886,2.363,0.926,,Sharp Right,Sharp Right
1.078,0.593,1.144,1.175,,Move Forward,Sharp Right
0.805,0.583,0.876,1.302,,Sharp Right,Sharp Right
0.893,0.788,1.319,0.845,,Sharp Right,Sharp Right
1.571,0.507,2.011,1.074,,Move Forward,Move Forward
3.215,0.822,1.43,0.489,,Move Forward,Move Forward
2.132,0.602,1.846,1.575,,Move Forward,Move Forward
2.786,0.611,1.661,0.903,,Move Forward,Move Forward
0.671,0.489,0.964,1.307,,Sharp Right,Sharp Right
0.864,0.779,2.428,1.758,,Sharp Right,Sharp Right
0.861,0.488,1.877,0.986,,Sharp Right,Sharp Right
0.852,0.529,1.408,0.429,,Sharp Right,Sharp Right
1.307,0.526,1.704,0.928,,Move Forward,Move Forward
0.82,0.528,2.45,5,,Sharp Right,Sharp Right
1.429,0.633,2.052,1.045,,Move Forward,Move Forward
0.866,0.459,1.43,0.795,,Sharp Right,Sharp Right
1.165,0.589,1.526,1.502,,Move Forward,Sharp Right
0.808,0.509,1.715,1.312,,Sharp Right,Sharp Right
1.276,0.652,1.472,0.936,,Move Forward,Move Forward
1.38,0.502,2.027,0.568,,Move Forward,Move Forward
0.834,0.423,1.469,0.795,,Sharp Right,Sharp Right
1.753,0.867,1.253,0.498,,Move Forward,Move Forward
1.493,0.738,1.567,0.76,,Move Forward,Move Forward
1.148,0.702,2.195,1.621,,Move Forward,Sharp Right
1.167,0.614,1.662,1.096,,Move Forward,Sharp Right
3.226,0.81,1.435,0.471,,Move Forward,Move Forward
1.828,0.502,1.875,1,,Move Forward,Move Forward
0.712,0.562,0.976,1.293,,Sharp Right,Sharp Right
1.839,0.562,1.939,1.659,,Move Forward,Move Forward
0.848,0.473,1.938,1.114,,Sharp Right,Sharp Right
1.93,1.422,1.974,1.754,,Slight Left,Move Forward
0.548,0.776,2.88,1.726,,Sharp Right,Sharp Right
0.679,0.53,3.176,1.272,,Sharp Right,Sharp Right
1.309,0.606,2.138,0.625,,Move Forward,Move Forward
0.944,0.777,1.336,0.451,,Move Forward,Sharp Right
0.787,0.834,1.282,2.666,,Sharp Right,Sharp Right
0.811,0.395,1.422,0.425,,Sharp Right,Sharp Right
1.279,0.556,1.732,0.625,,Move Forward,Move Forward
0.791,0.767,2.785,1.283,,Sharp Right,Sharp Right
0.911,0.584,1.72,1.199,,Move Forward,Sharp Right
0.784,0.76,1.498,0.847,,Sharp Right,Sharp Right
0.848,0.503,1.869,1.019,,Sharp Right,Sharp Right
0.939,0.565,1.387,0.459,,Move Forward,Sharp Right
1.144,0.578,1.596,1.037,,Move Forward,Sharp Right
1.557,0.752,1.601,0.685,,Move Forward,Move Forward
0.822,0.962,0.892,2.586,,Sharp Right,Sharp Right
0.771,1.151,1.541,0.735,,Sharp Right,Sharp Right
0.873,0.462,1.826,1.085,,Sharp Right,Sharp Right
1.275,0.597,2.126,0.648,,Move Forward,Move Forward
0.939,0.76,2.167,0.87,,Move Forward,Sharp Right
2.001,0.601,1.93,1.692,,Move Forward,Move Forward
1.298,0.502,1.623,1.051,,Move Forward,Move Forward
0.807,0.582,1.65,5,,Sharp Right,Sharp Right
0.778,0.807,1.303,3.642,,Sharp Right,Sharp Right
0.804,0.617,1.624,1.306,,Sharp Right,Sharp Right
0.794,0.487,2.914,0.557,,Sharp Right,Sharp Right
0.867,0.653,1.458,0.817,,Sharp Right,Sharp Right
1.416,0.664,1.455,0.771,,Move Forward,Move Forward
0.782,0.723,1.526,0.757,,Sharp Right,Sharp Right
1.02,0.755,1.375,2.368,,Move Forward,Sharp Right
0.79,0.789,2.779,0.917,,Sharp Right,Sharp Right
1.124,0.598,1.194,1.123,,Move Forward,Sharp Right
5,0.569,1.391,0.461,,Move Forward,Move Forward
0.769,0.792,2.753,4.317,,Sharp Right,Sharp Right
0.802,0.427,1.418,0.382,,Sharp Right,Sharp Right
3.144,0.792,1.46,0.559,,Move Forward,Move Forward
1.284,0.545,1.728,0.951,,Move Forward,Move Forward
0.779,0.744,1.509,0.834,,Sharp Right,Sharp Right
3.164,0.589,1.473,0.537,,Move Forward,Move Forward
0.783,0.84,1.284,2.668,,Sharp Right,Sharp Right
1.011,0.663,1.604,0.738,,Move Forward,Sharp Right
0.784,0.746,2.137,0.916,,Sharp Right,Sharp Right
2.512,0.564,1.715,1.176,,Move Forward,Move Forward
0.65,0.515,3.185,1.309,,Sharp Right,Sharp Right
0.814,0.84,1.275,2.625,,Sharp Right,Sharp Right
1.88,0.571,1.937,1.402,,Move Forward,Move Forward
1.045,0.613,3.084,1.648,,Move Forward,Sharp Right
1.58,0.729,1.383,0.617,,Move Forward,Move Forward
1.183,0.581,1.577,1.482,,Move Forward,Sharp Right
1.647,1.394,1.79,1.968,,Slight Left,Move Forward
2.47,0.561,1.729,1.228,,Move Forward,Move Forward
0.667,0.539,0.982,1.338,,Sharp Right,Sharp Right
0.823,0.893,2.358,1.688,,Sharp Right,Sharp Right
0.777,0.733,1.55,0.717,,Sharp Right,Sharp Right
0.971,0.583,1.036,1.237,,Move Forward,Sharp Right
0.96,0.808,2.87,1.792,,Move Forward,Sharp Right
1.944,0.591,1.942,0.783,,Move Forward,Move Forward
1.641,1.457,1.71,2.06,,Slight Left,Move Forward
2.876,0.643,1.626,0.835,,Move Forward,Move Forward
0.828,0.569,1.689,1.289,,Sharp Right,Sharp Right
0.914,0.74,2.669,0.871,,Move Forward,Sharp Right
0.882,0.652,1.564,1.353,,Sharp Right,Sharp Right
0.823,0.958,1.174,2.652,,Sharp Right,Sharp Right
1.09,0.549,2.14,0.794,,Move Forward,Sharp Right
0.565,0.503,3.188,1.36,,Sharp Right,Sharp Right
0.782,0.844,1.282,2.659,,Sharp Right,Sharp Right
0.587,0.523,1.871,0.989,,Sharp Right,Sharp Right
0.832,0.433,1.444,0.387,,Sharp Right,Sharp Right
2.828,0.604,1.666,0.879,,Move Forward,Move Forward
0.793,0.863,2.651,0.875,,Sharp Right,Sharp Right
1.556,0.736,2.559,1.082,,Move Forward,Move Forward
1.216,0.581,2.835,0.693,,Move Forward,Move Forward
0.809,0.533,1.695,1.299,,Sharp Right,Sharp Right
0.497,0.437,1.914,1.046,,Sharp Right,Sharp Right
2.351,0.504,1.792,1.354,,Move Forward,Move Forward
1.064,0.875,1.31,3.437,,Move Forward,Sharp Right
0.881,0.708,1.403,0.673,,Sharp Right,Sharp Right
0.805,0.887,1.268,4.834,,Sharp Right,Sharp Right
0.795,0.825,1.336,0.55,,Sharp Right,Sharp Right
0.894,2.47,0.957,2.534,,Sharp Right,Slight Left
1.056,0.757,2.929,0.819,,Move Forward,Sharp Right
1.112,0.615,1.667,0.682,,Move Forward,Sharp Right
1.108,2.34,1.353,2.398,,Slight Left,Slight Left
0.779,0.743,1.51,0.832,,Sharp Right,Sharp Right
3.137,0.738,1.518,0.575,,Move Forward,Move Forward
1.143,0.597,1.56,1.525,,Move Forward,Sharp Right
0.895,0.773,2.411,1.679,,Sharp Right,Sharp Right
0.854,0.467,1.921,1.345,,Sharp Right,Sharp Right
0.81,0.393,1.425,0.421,,Sharp Right,Sharp Right
1.075,0.584,1.69,1.697,,Move Forward,Sharp Right
2.151,0.583,2.141,0.752,,Move Forward,Move Forward
0.917,0.586,1.726,1.194,,Move Forward,Sharp Right
1.738,0.774,1.335,0.45,,Move Forward,Move Forward
1.413,0.805,1.62,2.097,,Move Forward,Move Forward
1.889,0.499,1.927,0.935,,Move Forward,Move Forward
2.601,0.609,1.677,1.099,,Move Forward,Move Forward
2.783,0.615,1.662,0.928,,Move Forward,Move Forward
1.701,1.408,1.781,1.979,,Slight Left,Move Forward
1.897,1.413,1.981,1.785,,Slight Left,Move Forward
0.823,0.834,1.281,0.871,,Sharp Right,Sharp Right
0.882,0.771,2.83,1.554,,Sharp Right,Sharp Right
2.411,0.516,1.776,1.296,,Move Forward,Move Forward
0.787,0.759,2.194,5,,Sharp Right,Sharp Right
2.64,0.685,2.729,0.96,,Move Forward,Move Forward
0.785,0.817,1.297,3.647,,Sharp Right,Sharp Right
2.053,0.564,2.18,0.828,,Move Forward,Move Forward
1.065,0.685,2.248,0.777,,Move Forward,Sharp Right
1.404,0.652,1.466,0.793,,Move Forward,Move Forward
1.476,0.533,2.767,1.007,,Move Forward,Move Forward
1.554,0.538,1.327,0.511,,Move Forward,Move Forward
0.925,0.799,2.609,0.974,,Move Forward,Sharp Right
3.151,0.604,1.48,0.549,,Move Forward,Move Forward
0.749,0.62,1.655,0.859,,Sharp Right,Sharp Right
0.783,0.601,1.628,1.326,,Sharp Right,Sharp Right
1.862,1.434,1.931,1.838,,Slight Left,Move Forward
0.806,0.511,2.04,5,,Sharp Right,Sharp Right
2.555,0.659,2.745,0.947,,Move Forward,Move Forward
0.797,0.666,2.741,0.719,,Sharp Right,Sharp Right
0.835,0.43,1.445,0.385,,Sharp Right,Sharp Right
1.037,0.597,1.646,1.737,,Move Forward,Sharp Right
2.823,0.607,1.666,0.885,,Move Forward,Move Forward
1.476,0.698,1.852,0.984,,Move Forward,Move Forward
0.873,0.701,1.549,0.755,,Sharp Right,Sharp Right
1.195,0.692,1.581,0.923,,Move Forward,Move Forward
0.889,0.777,2.826,1.415,,Sharp Right,Sharp Right
0.812,0.667,1.323,0.518,,Sharp Right,Sharp Right
0.898,0.573,1.717,1.211,,Sharp Right,Sharp Right
0.827,0.446,1.451,0.482,,Sharp Right,Sharp Right
0.821,0.462,3.257,1.388,,Sharp Right,Sharp Right
0.968,0.776,1.339,0.502,,Move Forward,Sharp Right
1.03,0.659,1.611,0.732,,Move Forward,Sharp Right
1.164,0.58,1.818,1.501,,Move Forward,Sharp Right
0.87,0.519,0.935,1.368,,Sharp Right,Sharp Right
